<?xml version="1.0" encoding="UTF-8" standalone="no"?>
<DebugVirtualConsoleSetting version="1.0">
<Config core="SINGLE_CORE">
        <DebugConsole-Enable>true</DebugConsole-Enable>
        <DebugConsole-LogFile/>
        <DebugConsole-IsLogging>false</DebugConsole-IsLogging>
        <DebugConsole-COMport/>
        <DebugConsole-Baudrate>0</DebugConsole-Baudrate>
        <DebugConsole-EchoBack>true</DebugConsole-EchoBack>
        <DebugConsole-ClearBuffer>false</DebugConsole-ClearBuffer>
    </Config>
</DebugVirtualConsoleSetting>
